{"cameraMode":{"drawMode":0,"name":"Shaded","section":"Shading Mode"},"sceneLighting":true,"audioPlay":false,"sceneViewState":{"m_AlwaysRefresh":false,"showFog":true,"showSkybox":true,"showFlares":true,"showImageEffects":true,"showParticleSystems":true,"showVisualEffectGraphs":true,"m_FxEnabled":true},"in2DMode":false,"pivot":{"x":-25.013389587402345,"y":-1.8998947143554688,"z":64.96498107910156},"rotation":{"x":0.08214332163333893,"y":-0.5642897486686707,"z":0.056559622287750247,"w":0.8195326924324036},"size":35.291786193847659,"orthographic":true}