{"cameraMode":{"drawMode":0,"name":"Shaded","section":"Shading Mode"},"sceneLighting":false,"audioPlay":false,"sceneViewState":{"m_AlwaysRefresh":false,"showFog":true,"showSkybox":false,"showFlares":true,"showImageEffects":true,"showParticleSystems":true,"showVisualEffectGraphs":true,"m_FxEnabled":true},"in2DMode":false,"pivot":{"x":0.014303570613265038,"y":0.2342585027217865,"z":0.7151963114738464},"rotation":{"x":-0.03164505958557129,"y":0.9681972861289978,"z":-0.16539621353149415,"w":-0.18518364429473878},"size":0.1614028513431549,"orthographic":false}